,normal,uniform,binomial
2020-01-01,0.11234133570992327,0.07769171779754414,0
2020-01-02,-1.1806043104977657,0.10457403704163348,0
2020-01-03,0.007928913664733956,0.1218490380927576,0
2020-01-04,-1.5084808998605361,0.4687921672962405,0
2020-01-05,1.3272085757827634,0.4059036391291273,0
2020-01-06,-2.7742627674654243,0.13522892345849824,0
2020-01-07,-0.36844941892108635,0.6786552159787587,0
2020-01-08,-0.9715121298485108,0.8763395944473766,0
2020-01-09,2.6776179861073266,0.8204530904734696,0
2020-01-10,-0.06430802888246892,0.5814858727501001,0
2020-01-11,0.20209830465499506,0.2573488996519331,0
2020-01-12,0.9283727870821364,0.3184172151144429,0
2020-01-13,1.8177138448276482,0.10025143121214242,0
2020-01-14,-1.1410235570079965,0.40173582618696946,1
2020-01-15,1.077976094847491,0.31456494120481815,0
2020-01-16,-1.9132263588474685,0.4318147507145479,1
2020-01-17,0.09114361244978186,0.21263778878143103,1
2020-01-18,1.5703316419479605,0.5952175052852126,0
2020-01-19,0.21613210327104213,0.2028301111006965,1
2020-01-20,-0.19152433240864292,0.5796463189746762,1
2020-01-21,0.08190645530035816,0.6637805531680037,0
2020-01-22,-1.169643174540486,0.26014218084580976,0
2020-01-23,-1.6696842336238222,0.4999755642075828,0
2020-01-24,0.5966963235309459,0.5014452638008161,0
2020-01-25,-1.3961882179220768,0.8633359913161834,0
2020-01-26,-0.6929429784285022,0.377308071785426,1
2020-01-27,-0.20811376714238772,0.9427752892437753,1
2020-01-28,0.1509296419822823,0.7737840745539236,0
2020-01-29,-1.7685361440029255,0.8083728661866021,0
2020-01-30,-0.6511177051029365,0.5378523272118464,1
2020-01-31,-0.46899749588795453,0.3993674474808011,0
2020-02-01,-0.3980518138343381,0.08662378489611411,0
2020-02-02,-1.5424313798488551,0.8101308017037485,0
2020-02-03,-0.7098680022291491,0.5315685499143783,0
2020-02-04,-0.06850144720081254,0.9551214146773458,0
2020-02-05,0.5542138654388572,0.9986318355478939,0
2020-02-06,0.4453343215199985,0.9255448298509822,0
2020-02-07,0.607555273781492,0.47764216740701726,0
2020-02-08,-0.4304290848335804,0.9366532876465936,0
2020-02-09,0.17974770904686566,0.6102496015237622,0
2020-02-10,-1.3812463897279101,0.7038930365301178,1
2020-02-11,1.8190981233116827,0.8336428894221433,0
2020-02-12,0.9584041889318955,0.011621487636961803,0
2020-02-13,-0.5219297882939316,0.2657475743756159,0
2020-02-14,-1.0389961340680018,0.054280456161935,0
2020-02-15,0.37586094297804873,0.6486634212027355,0
2020-02-16,1.1224299243267986,0.527666855806256,0
2020-02-17,0.5769632016183465,0.08028219400246228,0
2020-02-18,0.961512926201267,0.208680655752426,0
2020-02-19,0.38313493824162825,0.797545204407272,0
2020-02-20,-0.029771657160655742,0.6610035577171997,0
2020-02-21,-1.097660139610564,0.8139818025385978,0
2020-02-22,-1.559739097856894,0.09375828588122503,0
2020-02-23,-1.1047828242631157,0.5348750249515372,0
2020-02-24,0.5376849792697258,0.9755638576090034,0
2020-02-25,0.7919879964860318,0.3614268379533867,0
2020-02-26,-0.3712699909873092,0.7498299133364205,0
2020-02-27,-1.4364307189279986,0.14314675232970453,0
2020-02-28,1.0672643381208504,0.2447525574343098,1
2020-02-29,-0.32849772088135437,0.433107968567389,0
2020-03-01,-1.464415480698056,0.2437116146380357,1
2020-03-02,0.7783517938444119,0.43555964540570247,0
2020-03-03,-0.21103776475383576,0.22206235295525745,0
2020-03-04,1.6351400879097013,0.9788927427781803,0
2020-03-05,0.05845697141351809,0.6608373371464601,0
2020-03-06,-0.9236316213186195,0.79649070113307,0
2020-03-07,0.7215572775222422,0.7627057128138718,0
2020-03-08,0.18133374693385632,0.7916577482476077,0
2020-03-09,0.7855035190537479,0.49159137689956156,1
2020-03-10,-1.0808050904161195,0.07957632206383303,1
2020-03-11,-0.37569464901633776,0.3657726834247156,0
2020-03-12,-0.6188526968178696,0.7047830263561305,0
2020-03-13,1.0261853035209325,0.20715169949011925,0
2020-03-14,-0.035143991332894774,0.8012168633129633,0
2020-03-15,-1.6783242208981743,0.6199211896611179,0
2020-03-16,0.36505844180353725,0.21261718667272345,0
2020-03-17,-1.0763843542150486,0.15141402462342002,1
2020-03-18,-0.8539267279731746,0.7924004637850278,1
2020-03-19,-0.6681737831947239,0.4413308007276777,0
2020-03-20,-0.5047790399110824,0.48839637039293793,0
2020-03-21,1.2333173787727607,0.26095809390152824,1
2020-03-22,-0.2849682284469586,0.7819142419413281,0
2020-03-23,0.7365713426121479,0.15612203660859703,0
2020-03-24,0.07344303915015289,0.25030654935455965,0
2020-03-25,1.043813338536968,0.6526282240154998,0
2020-03-26,-0.7566501847981724,0.6131584289569415,0
2020-03-27,0.5165087045346362,0.6000284017526348,0
2020-03-28,-0.7397214075600994,0.18385150119477822,0
2020-03-29,-1.2331375030218774,0.8155877544804041,0
2020-03-30,0.9320044431900975,0.8652014929082521,1
2020-03-31,-0.6560041493153931,0.750673862776793,0
2020-04-01,0.7101052489841059,0.5308326617426179,0
2020-04-02,2.1335722735060068,0.0038981692846292715,0
2020-04-03,1.668779890738846,0.888690615175119,0
2020-04-04,-0.17340832917597457,0.6599562886099137,0
2020-04-05,0.010776968615391944,0.18482133946300106,0
2020-04-06,-0.6533185705279985,0.8163242296080934,1
2020-04-07,-0.8848820861438612,0.02052850445478327,1
2020-04-08,-1.5592927335142734,0.00784840596971681,0
2020-04-09,-0.29590756291843123,0.14171719839022667,0
2020-04-10,-0.023206850071143578,0.14637240793189366,1
2020-04-11,1.3867240891979071,0.1512546356898372,0
2020-04-12,1.617396722489944,0.7391205413835266,1
2020-04-13,-0.9311703015933189,0.677876778746507,0
2020-04-14,-1.054710754236956,0.08816470349278571,1
2020-04-15,-0.8063944252315395,0.37220538516877555,0
2020-04-16,0.2571431029516286,0.8483278171105225,1
2020-04-17,-0.4581496474620262,0.1579448958035976,0
2020-04-18,0.6472855664075975,0.8539356900226512,0
2020-04-19,2.404511983283189,0.5565643122476833,0
2020-04-20,0.7134705287436685,0.4280189653064741,1
2020-04-21,-0.11415217709329346,0.16065537846409672,1
2020-04-22,0.36203209315455886,0.034742356624543724,0
2020-04-23,0.0569050367464404,0.3806601753077502,0
2020-04-24,-0.23134357157935734,0.26153880714749755,0
2020-04-25,2.2766462696992935,0.15073487764966453,0
2020-04-26,-3.16478149624252,0.6133170566485923,0
2020-04-27,-0.3939829491293564,0.29764132074406935,1
2020-04-28,-1.4029824251596865,0.08706717981360435,0
2020-04-29,0.19271323745949262,0.9654724788829729,1
2020-04-30,-0.5627097928187947,0.927635919318436,0
2020-05-01,0.0825936734453599,0.7991545781110937,1
2020-05-02,-0.42095694804446127,0.6948666031041296,0
2020-05-03,-1.1608085282344622,0.8232686155162198,0
2020-05-04,-1.0529487446562213,0.7632398076401629,1
2020-05-05,0.7737696489801327,0.7688618769977444,0
2020-05-06,0.30911727542867007,0.8605209488518409,0
2020-05-07,-0.22847880115486244,0.04952166888123466,1
2020-05-08,0.5373841190220334,0.20695059088527423,0
2020-05-09,-0.778304134276628,0.5631858844515077,0
2020-05-10,-0.6264619583046129,0.5224671917079675,1
2020-05-11,0.7949890572735789,0.8673595326919001,0
2020-05-12,-2.446226581246964,0.8196664803430749,0
2020-05-13,0.5390290906187657,0.9806173277281469,1
2020-05-14,-1.9688508459728542,0.5313326918356187,1
2020-05-15,-0.15580918482597045,0.2747377925588781,0
2020-05-16,0.3370132872807291,0.5512170962101017,0
2020-05-17,-0.4500513191822745,0.9840903309070396,0
2020-05-18,0.626209434025405,0.7395373394442301,0
2020-05-19,-1.2340471713435721,0.32851156587395136,0
2020-05-20,1.5041252328857808,0.924004048371118,0
2020-05-21,-0.9302577472634601,0.9997226332741015,0
2020-05-22,1.9699958555572763,0.9703322998112723,0
2020-05-23,-0.447044705889283,0.7045259142766417,0
2020-05-24,-1.1676919820554366,0.48113969803263756,0
2020-05-25,-1.5303967576417767,0.32000373908290447,0
2020-05-26,-1.025028856126899,0.8757376107677536,0
2020-05-27,-1.6664447223481536,0.0824713865191139,0
2020-05-28,0.8466897493801259,0.8772215672132043,0
2020-05-29,1.4000925579002677,0.9140366571566648,1
2020-05-30,-0.18368689984180586,0.12304721952644238,0
2020-05-31,0.3600791050274957,0.3655788535341037,1
2020-06-01,0.8585886045542961,0.5596194429275686,1
2020-06-02,0.7454885180968416,0.8678021520952227,0
2020-06-03,0.6874414363797137,0.8802764301829429,0
2020-06-04,0.7733043297880232,0.30547439831088163,0
2020-06-05,0.6839496639629306,0.8529433117108921,0
2020-06-06,0.6460904722228892,0.050059523203291434,0
2020-06-07,-1.3242818605147015,0.9611823296926287,0
2020-06-08,0.46766737624078547,0.032506747089651955,1
2020-06-09,0.3991205715739497,0.23249813041475476,1
2020-06-10,0.9955730591070919,0.48686744014864913,0
2020-06-11,-1.106990406634294,0.6011339037534768,0
2020-06-12,0.35322277403000657,0.7950857000064777,0
2020-06-13,0.9472610924599051,0.5696954291923557,0
2020-06-14,-0.18889922455390754,0.37260185802872337,1
2020-06-15,1.9185836941900336,0.594693328620725,1
2020-06-16,-0.26859135885681773,0.8161841744815566,0
2020-06-17,-0.25359324538684797,0.10705427448361604,1
2020-06-18,2.053809741802801,0.6013743629345457,0
2020-06-19,-0.14960025604129928,0.6266521037445303,0
2020-06-20,2.536824044355748,0.2652914310608826,0
2020-06-21,0.08776661236707059,0.08271087000132615,1
2020-06-22,1.1690971801098182,0.10131055716685156,1
2020-06-23,0.5156082732741816,0.41106167856215114,0
2020-06-24,0.09167368454578313,0.16247700718602387,0
2020-06-25,-0.22151819187900929,0.9133563071327362,0
2020-06-26,0.5753750549585893,0.6852726772780262,0
2020-06-27,1.6811866348017779,0.28384832501502166,1
2020-06-28,2.055699972857894,0.3333354391160718,1
2020-06-29,-0.7775314266435235,0.2705970226204464,0
2020-06-30,0.28124728197102566,0.7223233138048815,0
2020-07-01,0.9942726278521056,0.5180518676397822,0
2020-07-02,-0.5077006435371176,0.1922104600242336,0
2020-07-03,-0.678837653754438,0.7590911238656962,1
2020-07-04,0.7423076662318617,0.0035176160213672425,0
2020-07-05,-0.08120199644326405,0.35760708895195115,0
2020-07-06,-1.2464348809431252,0.5276552289168613,0
2020-07-07,0.36482955205681256,0.8573861739430193,0
2020-07-08,0.48350943980337274,0.44860786561796295,0
2020-07-09,-1.2741688822280626,0.19788169221118146,0
2020-07-10,1.304700387196011,0.4227740723185539,0
2020-07-11,-0.113033005849531,0.05848324257506843,1
2020-07-12,-0.11235651599605526,0.28052437895634497,0
2020-07-13,-1.9572202031060129,0.8981622558603968,0
2020-07-14,-0.5983716475129996,0.15393187406550712,0
2020-07-15,0.3568233507904174,0.32174851330513077,0
2020-07-16,1.0727286004252554,0.9950951779254364,1
2020-07-17,-1.3068929703363759,0.9981430959957097,1
2020-07-18,0.8333217654604598,0.22895229914701865,0
2020-07-19,0.9614913933131125,0.2360512011796584,0
2020-07-20,1.2055459747387673,0.12486342223571922,0
2020-07-21,0.7094675413051944,0.1693528285401702,0
2020-07-22,-0.5571345837535672,0.462421249954866,0
2020-07-23,-0.9644977367804971,0.6412315469970792,0
2020-07-24,-2.1330658472332487,0.03109147574960447,0
2020-07-25,-0.9826243121235191,0.5393924237632681,0
2020-07-26,0.08957095078723613,0.07409616485016157,0
2020-07-27,-0.5624222954839762,0.5208716503622781,0
2020-07-28,0.015388522383436541,0.48696499029389906,0
2020-07-29,0.6338951536591295,0.2535761898184349,0
2020-07-30,1.578859083528369,0.8700245576645453,0
2020-07-31,-0.4375452544906764,0.9702971770845965,0
2020-08-01,-0.1315581754338923,0.11169549722611871,1
2020-08-02,0.7724806546291566,0.6482458729082646,0
2020-08-03,1.8908063276476899,0.9413749458538984,0
2020-08-04,-0.4647734820123875,0.023799425262788554,0
2020-08-05,0.6108365322322549,0.19328937082116837,0
2020-08-06,-0.06446959129863773,0.3355189338677662,0
2020-08-07,-1.9486357443425508,0.5852524879285933,0
2020-08-08,0.06013612069674159,0.9039612097562871,0
2020-08-09,-0.14522051225128207,0.40608571314815933,0
2020-08-10,0.14648300747758441,0.3931521559745371,0
2020-08-11,0.4879673219991146,0.9746328967218594,0
2020-08-12,-0.8020218134744025,0.6125885093982418,1
2020-08-13,0.6325183687052277,0.4705104052329604,0
2020-08-14,0.7466713058710345,0.8739869861112047,0
2020-08-15,-0.4977546330476468,0.3435865297742349,1
2020-08-16,0.22903583180570466,0.3460356974457739,0
2020-08-17,-1.2464171531808228,0.31168513347098514,1
2020-08-18,-0.18740502747654206,0.4441160803522557,0
2020-08-19,-0.3419588256317739,0.7650465904124499,0
2020-08-20,-0.06019384910352957,0.08442786503436772,0
2020-08-21,-1.4150469880745522,0.6852274425987117,1
2020-08-22,-1.3676511525266917,0.45045710819447193,0
2020-08-23,0.7002096871710041,0.09366032909022315,0
2020-08-24,0.24602221579736794,0.7390810921054789,0
2020-08-25,-0.23056637764927926,0.9530560625220751,0
2020-08-26,-0.17696307416206805,0.010752063486726637,0
2020-08-27,-0.5105727032151276,0.6273361060919388,0
2020-08-28,0.1326166481077594,0.3055880463396603,0
2020-08-29,0.5211693623159485,0.03221505314599804,1
2020-08-30,-0.4203934966543401,0.8463245840950994,0
2020-08-31,-1.8021867592844274,0.6781773091747534,0
2020-09-01,-0.9164440966099129,0.6866713337642513,0
2020-09-02,-1.5574157668859394,0.5637719824487758,0
2020-09-03,0.8566934472948127,0.6386660751481966,0
2020-09-04,-0.34682166494389843,0.8147006640543737,0
2020-09-05,1.0701308043564655,0.022261973648408206,1
2020-09-06,0.9512470711205147,0.03709026562517581,0
2020-09-07,0.9944755560659816,0.8041310275378704,0
2020-09-08,-0.5329468814978185,0.9745108310301845,0
2020-09-09,0.29165641731866276,0.12429485179727906,0
2020-09-10,-0.4230065076065197,0.004911268215207154,1
2020-09-11,0.1723670167524318,0.4855087949591175,0
2020-09-12,0.1697473456057406,0.9817824459062569,0
2020-09-13,1.3428954821538512,0.738917008055402,0
2020-09-14,-0.17338594179274094,0.09660397529081044,0
2020-09-15,-0.60072690228398,0.4640179188477591,0
2020-09-16,0.981403771764808,0.1687731743968085,1
2020-09-17,-0.5245559661281266,0.0021044642850708284,0
2020-09-18,0.4641787804559081,0.2531209535497273,0
2020-09-19,-0.562344016081078,0.5627515842014637,0
2020-09-20,-0.5340250944919793,0.11149907417210103,1
2020-09-21,0.21477619233259534,0.34571475011536734,0
2020-09-22,0.3286715220002141,0.9200547033850527,0
2020-09-23,-0.598249432232105,0.8591949091147856,0
2020-09-24,-0.6179407569369262,0.32236994266948615,0
2020-09-25,0.6019971463741695,0.9323077978998404,0
2020-09-26,-0.7506097599592718,0.06073785333427384,0
2020-09-27,0.3136695687664211,0.4984092404882948,1
2020-09-28,0.12902595361418578,0.3471217292916272,0
2020-09-29,-0.2463057671033451,0.11979068506681512,0
2020-09-30,-2.1938917103397255,0.4701349486452421,1
2020-10-01,-0.0819172942707873,0.13298652982774906,1
2020-10-02,0.13669484087532577,0.6100287147302786,0
2020-10-03,1.8555160778102173,0.7807924140473002,0
2020-10-04,-0.6351595965720177,0.18213755439120016,0
2020-10-05,-0.05054021673154198,0.9422842968821564,0
2020-10-06,-0.24665359530614722,0.74258613150656,0
2020-10-07,-1.5530084468510477,0.47927903331525845,0
2020-10-08,-0.11480031715220226,0.46958796272879133,0
2020-10-09,1.849358329418513,0.5984462610125801,1
2020-10-10,0.29014661947352455,0.8226196357471102,1
2020-10-11,-0.7018833052415713,0.010754556291467599,0
2020-10-12,-0.06401143931659596,0.9354271792957288,0
2020-10-13,-0.9868004346168961,0.9090128786671199,1
2020-10-14,-1.1706862271054932,0.19162202803761585,0
2020-10-15,0.006996523457699182,0.45493035215322875,0
2020-10-16,0.2353701043701502,0.21346680919326688,0
2020-10-17,-0.34353599515723837,0.17572604174078243,0
2020-10-18,-0.7080194434643571,0.7752346234373539,0
2020-10-19,-0.2640440624754333,0.7527289440641215,0
2020-10-20,-0.5723889361825956,0.851254469883177,0
2020-10-21,1.332275593634772,0.08501204867527257,0
2020-10-22,-0.23941778214388226,0.9828175574324901,0
2020-10-23,-0.34203484120921634,0.31403933956796637,0
2020-10-24,1.5255491359226612,0.5494085349978096,0
2020-10-25,0.3424324374457851,0.1599737023916774,1
2020-10-26,0.2754531734770671,0.20768645277344855,0
2020-10-27,0.9304507333829296,0.3441394517420058,1
2020-10-28,1.0271302860996303,0.7317082821555543,0
2020-10-29,-0.13225441808474228,0.4340699005098342,0
2020-10-30,0.5390034263053103,0.527873209954739,0
2020-10-31,0.10331408485608663,0.7529621977677168,0
2020-11-01,-0.4612134519184552,0.5952583672960571,1
2020-11-02,-0.33447360931999354,0.28156346228246276,1
2020-11-03,0.6666167644974162,0.9934347751752409,0
2020-11-04,1.9018361766140155,0.09637769176374245,0
2020-11-05,0.7028371954134075,0.36637236353627767,0
2020-11-06,-0.1198934951678713,0.043083767120735694,0
2020-11-07,-0.11602917870862872,0.3546799465069048,1
2020-11-08,0.6782660736193916,0.31407467078027307,0
2020-11-09,0.49586269953587636,0.2018997193501385,1
2020-11-10,-1.8147640021008598,0.9768619191982063,1
2020-11-11,-1.638466092968741,0.4868523702173385,1
2020-11-12,0.8319247322504492,0.2589924634214531,0
2020-11-13,2.1996148264250257,0.17516203325439905,0
2020-11-14,0.6074884958062396,0.6876528642557922,0
2020-11-15,-0.014277759365504135,0.1386023937190154,0
2020-11-16,-1.2861315722007929,0.8247460850345217,0
2020-11-17,0.06127936516457619,0.6459663493450195,0
2020-11-18,2.405044396921594,0.729562146538421,0
2020-11-19,0.7043896763754323,0.3268800842219045,0
2020-11-20,0.8707490767082129,0.3395674110592264,0
2020-11-21,-1.0186134029567733,0.7830221595240408,0
2020-11-22,-1.1709255135145993,0.30233765081884256,0
2020-11-23,0.1967852172414038,0.7672736718639358,0
2020-11-24,0.9561989062971437,0.4058881847577128,0
2020-11-25,-0.9064842148956082,0.9301736432490567,0
2020-11-26,-1.3107036732879487,0.5368546892418343,0
2020-11-27,-0.1356706428252804,0.16132406034270796,0
2020-11-28,-0.6722127928240822,0.13316477381555314,0
2020-11-29,-0.05272897358351284,0.8264987631171541,1
2020-11-30,-0.7983179846075716,0.05107028055613583,0
2020-12-01,2.018648307115004,0.2536958280989208,0
2020-12-02,0.11789046576163464,0.6652199010729141,0
2020-12-03,0.5721010232965318,0.7219183570236299,1
2020-12-04,-0.09979130878268536,0.018922308608995908,0
2020-12-05,-0.05369080594328233,0.6004799852339622,1
2020-12-06,-0.2029348389887444,0.5432529060758737,0
2020-12-07,-0.9809908738810111,0.8314492592593584,1
2020-12-08,0.010690169325423743,0.8702172530674838,0
2020-12-09,1.4059396401417101,0.5799113909903147,0
2020-12-10,-1.2399246051489832,0.9134837526835792,0
2020-12-11,0.7650753421057422,0.3944774262405212,1
2020-12-12,0.06175388056208436,0.3044164511410864,0
2020-12-13,0.42730581844191995,0.8665335082519873,0
2020-12-14,-0.3021826982679476,0.10310702219228329,0
2020-12-15,0.08937919020638561,0.33265748080028124,0
2020-12-16,0.7784933745059085,0.3637397741901015,1
2020-12-17,0.2536748326668364,0.5676547953041182,0
2020-12-18,0.17461767427903185,0.2549739300936208,0
2020-12-19,-0.687051077448264,0.5398324059309391,0
2020-12-20,0.7900063760013466,0.04073998344134511,1
2020-12-21,0.6383287216500674,0.6083803573853453,1
2020-12-22,-0.2539692052080861,0.9825669981376037,0
2020-12-23,-0.6589023106855311,0.41828589664779003,0
2020-12-24,0.37698246666808227,0.30692635745014085,0
2020-12-25,1.2773141158310055,0.1460818055081542,0
2020-12-26,0.43502435346366475,0.5060676874973574,0
2020-12-27,-1.314119965409832,0.8914800845110019,0
2020-12-28,1.568411504291562,0.3229922924698496,0
2020-12-29,1.175420340646565,0.48018531955793475,0
2020-12-30,-0.5490250117710781,0.29668168054446054,1
2020-12-31,-0.36969564483162043,0.06266250323267097,0
2021-01-01,-1.6120364183118723,0.8319846701650084,0
2021-01-02,0.35858332272842003,0.6449381756969574,0
2021-01-03,-0.9595352183684188,0.362496259663165,0
2021-01-04,0.7941718275250575,0.12367530735195398,1
2021-01-05,-0.8219529389422128,0.46814257645236246,0
2021-01-06,0.8691826081493772,0.9936894281388213,0
2021-01-07,-0.35085659554269233,0.3709431252198824,0
2021-01-08,-1.1585933754990456,0.895492279448443,0
2021-01-09,-1.592161530661324,0.13326066204002252,0
2021-01-10,0.55618833317919,0.620118227971372,0
2021-01-11,-0.26478874496855187,0.08825974726184393,0
2021-01-12,-1.1181007857042131,0.3699334597088805,0
2021-01-13,-0.06593632667342579,0.2579624631172225,0
2021-01-14,-1.0643431968938428,0.038635349398671415,1
2021-01-15,2.3159134923018585,0.02644267653903898,0
2021-01-16,-0.4745183550668639,0.8158615330660514,0
2021-01-17,0.5446839655224215,0.48628629940548695,0
2021-01-18,0.7126100571199978,0.13937397828214104,0
2021-01-19,-2.0109490716149026,0.28230321528498425,0
2021-01-20,0.7525181852430474,0.4720508133464998,1
2021-01-21,-1.528326546901989,0.6811880483380102,1
2021-01-22,-0.5263675734404846,0.5153945690365225,0
2021-01-23,0.6182481974183487,0.35417380880712135,0
2021-01-24,0.17362025521947788,0.8089935308174411,0
2021-01-25,0.243865062708145,0.6996279028765559,0
2021-01-26,0.09942878650949848,0.16502956743075747,0
2021-01-27,0.1825569621553419,0.38859308013227456,0
2021-01-28,-0.8592264057001207,0.25538925927240985,0
2021-01-29,0.5144491297309138,0.23059350077374463,0
2021-01-30,-0.1652685512491209,0.3678585782926178,0
2021-01-31,0.6197904776751471,0.19594038210312603,1
2021-02-01,-1.1281079020756566,0.6958948062630621,0
2021-02-02,-0.1650507633211562,0.8694888060557624,0
2021-02-03,1.0397999001533453,0.33124606087703534,0
2021-02-04,-0.903685167822966,0.9486018832904275,0
2021-02-05,-0.7701953964690119,0.5431502099475161,0
2021-02-06,-0.05716883351329032,0.9102370989648899,0
2021-02-07,0.46024853204793836,0.7355668197513013,0
2021-02-08,-1.5260039519985447,0.3844704765673109,0
2021-02-09,0.06244286702781123,0.0953650478243433,0
2021-02-10,-0.7810581766312183,0.10099622950146481,1
2021-02-11,-0.5073461570770359,0.015397892390369927,1
2021-02-12,-0.7370034355222993,0.32404089205789577,0
2021-02-13,-0.35947313629402516,0.3393152104621048,0
2021-02-14,-0.6751585465777173,0.06402910747195278,0
2021-02-15,-0.9182391901567096,0.5393553727864511,0
2021-02-16,-1.6261496191209563,0.36379050913335265,0
2021-02-17,1.4431713936527364,0.8467784037998698,1
2021-02-18,-1.0211909818343432,0.7439039645422151,1
2021-02-19,0.11481080979910314,0.5022730288987682,0
2021-02-20,0.30887611650545194,0.5408287433114447,0
2021-02-21,-0.8528091907439229,0.6452700611873172,0
2021-02-22,0.2378786195671205,0.7907657628599962,0
2021-02-23,-1.533983256215595,0.49516021675539423,1
2021-02-24,0.037945001110267274,0.06724504574549639,0
2021-02-25,0.33746811831137924,0.9482754442275076,0
2021-02-26,0.24571852568836128,0.960441699499195,0
2021-02-27,-0.8048339966861244,0.26505122712398643,1
2021-02-28,2.4244502423901815,0.23910159376529794,0
2021-03-01,-0.09038359714328993,0.37550484843455856,0
2021-03-02,0.6216618050380338,0.5090239503637148,0
2021-03-03,-0.8151496966187344,0.5297792623457735,0
2021-03-04,0.8728452136910926,0.03802777367811161,0
2021-03-05,-1.3311035781507004,0.04160519905212712,0
2021-03-06,0.6960750339134759,0.26003440025540325,1
2021-03-07,0.11221291032046724,0.7526867541892546,0
2021-03-08,1.2582186771634394,0.24924312214026623,0
2021-03-09,-1.816489769191399,0.0012355384280466897,0
2021-03-10,-1.104598999315904,0.11986796651646392,0
2021-03-11,-0.8432951262336988,0.8371574287068401,0
2021-03-12,-0.9119825252862109,0.8699953183885032,1
2021-03-13,-2.729674051960188,0.3671085388819527,0
2021-03-14,-0.7201466638721807,0.3347125240346188,0
2021-03-15,1.0592815575052785,0.1948921794569024,0
2021-03-16,-1.0706360979163034,0.6435829697883424,0
2021-03-17,-1.5906440438386344,0.6382827167747325,0
2021-03-18,1.058624958906505,0.2649365725047602,0
2021-03-19,-0.11187469465723464,0.545255736979131,1
2021-03-20,0.0860405858728184,0.4825651188053157,0
2021-03-21,-0.38775255485746646,0.9479456536823829,0
2021-03-22,-1.0644811764741897,0.43552864751167786,0
2021-03-23,-0.32403544834475184,0.3828341838727777,0
2021-03-24,0.3061888541112245,0.3807310578967509,0
2021-03-25,-0.5061058998537656,0.6649489931463836,0
2021-03-26,-0.10769012540121489,0.9051631870776027,0
2021-03-27,-0.3633458681879909,0.4719089944998224,0
2021-03-28,-0.12432598770011322,0.9158471543469859,1
2021-03-29,-1.434615798528614,0.6267060373473199,1
2021-03-30,0.047824035078636015,0.36994115037941566,0
2021-03-31,-1.53140463306428,0.7061336156439783,0
2021-04-01,-0.9764081177749675,0.4541478552575484,0
2021-04-02,0.41072991812635135,0.6075583128486419,0
2021-04-03,0.9243232091331608,0.8823608450364459,0
2021-04-04,2.6475524080625057,0.6908890844933244,0
2021-04-05,0.49756636540473503,0.4940174434501384,0
2021-04-06,0.5990257951028266,0.6851772523637237,0
2021-04-07,0.37478423787989057,0.2834141498174997,0
2021-04-08,-0.5553974655653888,0.15064909848626662,0
2021-04-09,1.2521615627702118,0.21634667308187894,0
2021-04-10,0.3498129922252474,0.9471984372107215,0
2021-04-11,1.4898135421989434,0.5429482676194893,0
2021-04-12,-0.7125068660907588,0.3695003255550984,0
2021-04-13,-1.1512546391225111,0.3648609719871567,0
2021-04-14,0.10305936697784841,0.9222915306028863,0
2021-04-15,0.36626162646969235,0.12088162444738482,0
2021-04-16,0.32841954138887525,0.3224888462736427,0
2021-04-17,-0.6444554188092453,0.5100857329344396,0
2021-04-18,0.18222361460143965,0.5645474350028349,0
2021-04-19,0.11551760572740502,0.23916602107789542,0
2021-04-20,-0.063448703197625,0.17196404118046393,1
2021-04-21,0.8061936288511747,0.3774916412138334,1
2021-04-22,-1.1563426273301034,0.11322155658452004,0
2021-04-23,-0.46384527378210516,0.26517417460799886,0
2021-04-24,-1.302434313294335,0.02896159793318931,0
2021-04-25,-0.8460621247120951,0.42539023234473317,0
2021-04-26,-0.993100178446428,0.06611390636715242,0
2021-04-27,-1.1597035125982842,0.8656198081461698,0
2021-04-28,-1.5480253479832324,0.0216808648460739,0
2021-04-29,0.3311793210228529,0.24881802735849623,0
2021-04-30,1.9806688303863769,0.43977089154993954,0
2021-05-01,0.6691642310899245,0.6088108939665559,1
2021-05-02,-0.682191580151016,0.5534080021614559,0
2021-05-03,0.3557815713957834,0.18107392005774392,0
2021-05-04,-1.225490719304919,0.42493051064037424,0
2021-05-05,-1.1271775130272923,0.9350511095441221,0
2021-05-06,-0.9028068534790313,0.6908577075590412,0
2021-05-07,-1.2669093536756044,0.3690860937508622,1
2021-05-08,-0.24516008077855717,0.30764084182951423,0
2021-05-09,0.5436313345683491,0.1737927272250499,0
2021-05-10,-1.636691007388877,0.14019173780675753,1
2021-05-11,-0.6797300513519863,0.5107127145033452,1
2021-05-12,0.6457336621269071,0.7459899457576974,0
2021-05-13,-1.8317195070872596,0.6400133325106808,1
2021-05-14,0.008160494162382492,0.9436146789249744,0
2021-05-15,-0.13743187197680143,0.857568575158133,0
2021-05-16,0.24007032856925495,0.7846392559843341,0
2021-05-17,1.144208722909378,0.4714210926861542,0
2021-05-18,0.004953385472811469,0.5025020371326183,0
2021-05-19,0.41011366082932144,0.2552005462273701,0
2021-05-20,-0.13344920694549844,0.018058357614602394,0
2021-05-21,0.31043499741003616,0.8009451483219,0
2021-05-22,-0.6967700947856404,0.47966200771167933,1
2021-05-23,0.42195337079481937,0.7248900362204925,0
2021-05-24,-0.2539121787406463,0.5917243875186825,1
2021-05-25,0.05793047163467276,0.6914637068804703,0
2021-05-26,-1.482150673659488,0.7749604907194384,0
2021-05-27,-1.6810945733822853,0.5163481430857434,0
2021-05-28,0.009652615499752335,0.8947723823244985,1
2021-05-29,-0.2263530526549629,0.04012564753104941,0
2021-05-30,-0.1696046720206649,0.797533713359477,0
2021-05-31,-0.3211418991369349,0.07995517455703272,1
2021-06-01,-0.5647593715380371,0.23893673249995873,0
2021-06-02,-1.0386802590781148,0.9852093540353825,0
2021-06-03,-0.32895864160749094,0.14864060289354375,1
2021-06-04,0.049407043249261685,0.016155315996074338,0
2021-06-05,-1.150805043903534,0.06293076366928063,0
2021-06-06,1.0425075664986712,0.4624233907565749,1
2021-06-07,1.4198133750371331,0.08681487101592533,0
2021-06-08,0.41587389681877257,0.03479301142542324,0
2021-06-09,-0.04925580002542272,0.582962173904558,0
2021-06-10,-0.3196209485289486,0.724492099177198,0
2021-06-11,-0.5172053326135043,0.6298440358784793,0
2021-06-12,-0.008925399390653222,0.9043059007240164,0
2021-06-13,0.8186402845545075,0.7971893394379398,0
2021-06-14,-0.7284102693019301,0.12460829274230956,0
2021-06-15,0.3953918053421505,0.40837597353513755,0
2021-06-16,1.6860352943166592,0.200449084067567,0
2021-06-17,-1.3701601828560277,0.5588919048289687,0
2021-06-18,0.5929766481636627,0.7492983089487069,0
2021-06-19,0.5712420647340714,0.04542314421836624,0
2021-06-20,-0.28637510727815496,0.682564109070854,0
2021-06-21,0.14568566167746166,0.5018262646106606,1
2021-06-22,0.5052160959703331,0.5203390986972092,0
2021-06-23,-2.11044482805451,0.34735757253715893,1
2021-06-24,0.10930819871688532,0.024237231616472288,0
2021-06-25,0.6850084039103556,0.7417337359824673,0
2021-06-26,0.1257636773523906,0.08610517955321073,0
2021-06-27,1.0218395412303547,0.8613067422321208,1
2021-06-28,-1.3764432613935833,0.06434959309432908,0
2021-06-29,0.312630540652404,0.8696524930733162,0
2021-06-30,-0.19064425056242987,0.47107199830997926,0
2021-07-01,1.4104646960383678,0.7876887982540293,0
2021-07-02,0.6337240712137475,0.9048186884414393,1
2021-07-03,-1.3571502529814377,0.2231278166999382,0
2021-07-04,0.1460746986660913,0.3619383213219908,0
2021-07-05,-1.4182644260687378,0.6961606977190021,0
2021-07-06,-1.3333015813537958,0.012732398790941235,1
2021-07-07,0.47018900761658233,0.8575822338289388,0
2021-07-08,-0.47620300943514426,0.5469115399528245,0
2021-07-09,0.6925604734929692,0.5602927270074387,0
2021-07-10,-1.5198413787568026,0.1377258766406818,0
2021-07-11,-0.27994790184429363,0.2628140374957465,0
2021-07-12,0.7595584662945616,0.6118538341246272,0
2021-07-13,0.4395706214092436,0.208198186729588,0
2021-07-14,-1.3765437288693725,0.32847028129905764,0
2021-07-15,-0.7933806031867358,0.8642048888375118,0
2021-07-16,0.3582470853712254,0.5739911466030136,0
2021-07-17,0.8449066504394788,0.4328724192429082,0
2021-07-18,-0.33105577922409685,0.6266381077603838,0
2021-07-19,-1.1127995102510784,0.9229044556626755,1
2021-07-20,-0.35212960946454314,0.14257662820418704,0
2021-07-21,0.9126899411341046,0.5392113990093158,0
2021-07-22,1.0618373760224615,0.8597537631481079,1
2021-07-23,-0.6629180107425057,0.8712165435089536,0
2021-07-24,0.5626971290261222,0.8785352342632221,0
2021-07-25,-0.9699595786005519,0.4664157806272631,0
2021-07-26,2.0796502593458093,0.1280413727278742,1
2021-07-27,0.342635206499345,0.7573976255396218,0
2021-07-28,2.373367940848916,0.32274156465144943,1
2021-07-29,-0.5374255675470864,0.5303681356670175,0
2021-07-30,-2.580348744754375,0.5814571716263969,0
2021-07-31,2.4162750262455877,0.5138933283755619,0
2021-08-01,0.9807530957909332,0.32514969545845507,0
2021-08-02,0.27591734775713156,0.0850034906873468,1
2021-08-03,0.4803911191135121,0.7484983885689857,1
2021-08-04,-0.4769698227241659,0.604625297481268,0
2021-08-05,0.8226738681382431,0.9383492138884019,0
2021-08-06,1.1018190161541028,0.2787719861366762,0
2021-08-07,1.9282539515202934,0.09442741912724417,1
2021-08-08,-0.18395580886056773,0.1868945820132285,1
2021-08-09,0.44007045734094064,0.26379553169780623,0
2021-08-10,-0.6814828338651309,0.8471860371817567,0
2021-08-11,0.4023519137705433,0.25668517938327473,0
2021-08-12,-0.9486590608234042,0.312292138226006,0
2021-08-13,0.7735622274783714,0.7102817745905075,0
2021-08-14,-0.3713284630563108,0.16060825567364356,0
2021-08-15,0.24555687931983006,0.772869609707814,0
2021-08-16,0.3258526013247638,0.7154674887507805,1
2021-08-17,-1.6449008551547177,0.5082685313988007,0
2021-08-18,1.0555671394187425,0.34291380096837454,0
2021-08-19,0.1617018783964155,0.4177405863950937,0
2021-08-20,-0.14884351271348742,0.39170402160989826,0
2021-08-21,-1.153434183586727,0.39914004551361437,0
2021-08-22,-0.2675168527645965,0.07860473427926773,1
2021-08-23,1.0444964572947568,0.34363672763292297,0
2021-08-24,0.3624830061581978,0.20797095878073946,1
2021-08-25,-2.06521096311163,0.907651572294237,1
2021-08-26,-1.0663555981527628,0.27252308907575684,0
2021-08-27,0.4909910594208021,0.4266115676952007,1
2021-08-28,-1.6278155184012801,0.11656888538346044,1
2021-08-29,0.9503121113096421,0.44220451116731174,0
2021-08-30,-0.7326655785787711,0.8536195491404556,0
2021-08-31,3.059204487495307,0.9233405029303553,0
2021-09-01,-1.0126160158736994,0.36739604852714913,0
2021-09-02,0.7065474434961309,0.6089691380927827,0
2021-09-03,0.8619340237792009,0.05334203545835292,0
2021-09-04,0.19716659445859283,0.9358926403847735,0
2021-09-05,-0.45124302191705634,0.09513985495126298,0
2021-09-06,0.10853238878717987,0.8493296379275268,0
2021-09-07,-1.2131057025146124,0.04672709945198383,0
2021-09-08,0.005093882173669618,0.009169086992832254,0
2021-09-09,0.7088070036859457,0.1961587688252847,0
2021-09-10,-0.5368451991134311,0.035398100525030785,0
2021-09-11,1.2687202429777706,0.7137601795858342,1
2021-09-12,-0.22865675399688695,0.9177834735051823,0
2021-09-13,-0.6623627279378047,0.09724506598010718,0
2021-09-14,-0.3413727530584576,0.7827409492070934,1
2021-09-15,-1.3573415991415305,0.14568774722462152,0
2021-09-16,0.3218097180850943,0.18065763514831445,1
2021-09-17,0.18542121940546039,0.6280841011293667,0
2021-09-18,-0.11156418535227461,0.06918303865857522,0
2021-09-19,-0.1613527925841589,0.251956722426817,0
2021-09-20,0.23811396344921468,0.9320091911586803,0
2021-09-21,-0.07398262258202395,0.7899482535868845,1
2021-09-22,-0.12552508758119407,0.8002466843429947,0
2021-09-23,-0.4659343531597691,0.20225136634662133,0
2021-09-24,0.43117167075422735,0.20111913532637316,1
2021-09-25,-0.8178701994751985,0.6248118923949778,0
2021-09-26,-0.5840872060270098,0.050932247345065074,0
2021-09-27,-0.932420180485567,0.26556487491248615,0
2021-09-28,-0.2810774782373968,0.7516965039531852,0
2021-09-29,0.571524910656175,0.9076744255154032,0
2021-09-30,-0.19613311207207793,0.7877981788631845,1
2021-10-01,0.4514901742834576,0.25103143026428787,1
2021-10-02,-0.8954169595519416,0.2689176741304128,0
2021-10-03,-0.4590064396368498,0.10451868163039635,0
2021-10-04,0.19035253302760677,0.35010748855438645,1
2021-10-05,-0.4842918538697448,0.209878820135611,0
2021-10-06,-0.3695369787803262,0.8448804391338187,0
2021-10-07,0.3397117245698805,0.326688299739338,0
2021-10-08,1.052653744236597,0.7369234932794011,0
2021-10-09,1.0600951714287643,0.3875435885158137,0
2021-10-10,-1.6520918078334348,0.4531028886094697,0
2021-10-11,0.8019253657631927,0.3923160892637223,0
2021-10-12,-0.6011158205116208,0.6866904496346182,0
2021-10-13,-0.5612603525595459,0.15151577261442184,0
2021-10-14,-1.6232961400572743,0.5703331037315764,0
2021-10-15,-0.9440070671129945,0.3259414573831657,0
2021-10-16,-0.1386514403001344,0.6592214546516659,0
2021-10-17,-1.582842835485255,0.8170501195242899,1
2021-10-18,-0.2888521670509627,0.9928731795632746,0
2021-10-19,0.04369144944499839,0.9585842364795581,1
2021-10-20,0.9268891914077746,0.9099666752879573,0
2021-10-21,0.46536130944676835,0.26172726124586565,0
2021-10-22,-0.21725295483543725,0.2182732093985852,1
2021-10-23,-0.3415922358185465,0.5108211653386442,0
2021-10-24,-0.6027242255963506,0.0773396040127251,0
2021-10-25,0.3169198322076799,0.4699238636696804,0
2021-10-26,1.1617813424648071,0.15859586689336058,0
2021-10-27,2.447409164592523,0.6581111760039126,0
2021-10-28,-1.3422608132814071,0.3079487010588843,1
2021-10-29,-0.7182594224066137,0.7745521294190496,0
2021-10-30,-0.6653522111089992,0.7187856039845697,1
2021-10-31,-0.006105205781855354,0.3172148484213272,1
2021-11-01,0.004833010823071252,0.7023198542524828,0
2021-11-02,-1.3331196277895287,0.1698218283103612,1
2021-11-03,1.8121684639899618,0.24246756046164153,0
2021-11-04,-0.9432302947099941,0.9709061512281616,0
2021-11-05,-0.4920521334269287,0.6599582515415019,0
2021-11-06,0.04625698862271676,0.3481593040636861,0
2021-11-07,-0.6362431167365591,0.5951228447586432,0
2021-11-08,1.539354896026952,0.8893306011555451,1
2021-11-09,0.3302332567384716,0.19029625104053782,1
2021-11-10,-1.7077812840642832,0.303858550467914,0
2021-11-11,0.9658813342972792,0.7079940710428334,0
2021-11-12,-0.25954566409876545,0.28959087914156056,0
2021-11-13,0.7257616355726292,0.7011013874089749,0
2021-11-14,-1.6704285522317013,0.6269154829946295,0
2021-11-15,-1.7498831448753005,0.27649119366245245,0
2021-11-16,1.350004004956985,0.33140697841290057,0
2021-11-17,0.6651913858134586,0.1955464179698192,0
2021-11-18,0.5198704913562555,0.8402010611784448,1
2021-11-19,-1.2606529243406672,0.6665106132330585,0
2021-11-20,-1.094306953754591,0.909387289048458,1
2021-11-21,1.5520550738059185,0.136965664767016,0
2021-11-22,0.7224987045732395,0.2527090318500226,0
2021-11-23,0.4171703987045508,0.7645701269128318,0
2021-11-24,-0.859013314560004,0.03897646575119573,0
2021-11-25,0.2932820589920567,0.30959263990801666,0
2021-11-26,-0.4323076597150022,0.972138198079825,0
2021-11-27,0.8037829789792295,0.6387708581437832,0
2021-11-28,1.6325165163856357,0.9309157667790547,0
2021-11-29,0.871580578556114,0.6845742412741511,0
2021-11-30,1.6717445734048868,0.5934506116535948,1
2021-12-01,0.6277353868893094,0.10152686658828858,0
2021-12-02,-1.675857961132589,0.3913802722958708,0
2021-12-03,1.1622191668831645,0.7264862656570731,0
2021-12-04,-0.8509435121208896,0.9946244759554119,0
2021-12-05,0.955398581811396,0.6425973458272062,0
2021-12-06,-0.3866400839918107,0.44803668688429155,0
2021-12-07,0.224927862604256,0.8535156189426804,0
2021-12-08,-0.22708960468843287,0.7214436026326366,0
2021-12-09,-0.5058126056240415,0.13291361042464922,0
2021-12-10,-0.8776820198332658,0.15859468193373571,0
2021-12-11,0.5899990008770521,0.35404359976751654,0
2021-12-12,1.5118534789585447,0.3336580934810903,0
2021-12-13,-0.2843779208745019,0.7186940157771837,1
2021-12-14,0.2602988985712212,0.4684330670691048,0
2021-12-15,0.8426552660523908,0.3473577612395973,0
2021-12-16,-1.3286736684156455,0.46065607416520715,0
2021-12-17,-0.9253446680010363,0.6796200831673804,0
2021-12-18,1.5818172910991106,0.8726637636596756,0
2021-12-19,-1.4749878172069244,0.2096316455683488,1
2021-12-20,-1.464087608418472,0.8645818696739551,0
2021-12-21,-0.11559112968585282,0.23556187141240537,0
2021-12-22,-0.31945720986528064,0.7554245570293215,1
2021-12-23,-1.086160505398452,0.862351298543502,1
2021-12-24,0.7531657586564351,0.9910415656591096,0
2021-12-25,-1.558731251251127,0.6942871184388796,0
2021-12-26,-0.34592203880960987,0.32732177291605624,0
2021-12-27,1.5426437869749001,0.056905462651348215,0
2021-12-28,0.1514801119314946,0.14531876388324616,1
2021-12-29,-2.232852312998492,0.7531491274123345,1
2021-12-30,-0.07605032404287139,0.004379815537301712,1
2021-12-31,-0.020061913493889257,0.8782908319606985,1
2022-01-01,0.7837525200842645,0.768434375680796,1
2022-01-02,0.08065584912366001,0.4042107225331426,1
2022-01-03,0.9410270361968125,0.9081651093390591,0
2022-01-04,0.25651518803919676,0.13483938474478963,0
2022-01-05,0.17452965899015613,0.033144425886855955,0
2022-01-06,-1.8617049348157082,0.6795933221702731,0
2022-01-07,0.7236242134940802,0.09512278694045528,0
2022-01-08,0.0627150251722758,0.5329536978860918,0
2022-01-09,1.0720281899178328,0.7681143892374434,1
2022-01-10,0.9774184798442132,0.8248308119242413,0
2022-01-11,1.0811725353468191,0.21221507556188868,0
2022-01-12,-0.4430762152604679,0.6979427928580481,0
2022-01-13,0.9137540029870052,0.3907410508737592,0
2022-01-14,-0.7412296376365181,0.7427261851610346,0
2022-01-15,2.341726456028832,0.9086962240726234,0
2022-01-16,-0.4792650907956261,0.6499260261720802,0
2022-01-17,1.535783708342147,0.6934061222344847,0
2022-01-18,-0.42502584221684164,0.8028948778851019,0
2022-01-19,-0.6779583613157648,0.14118420310892532,1
2022-01-20,0.4241178869616159,0.34068154390838035,0
2022-01-21,0.9606073661334275,0.41255634082127557,1
2022-01-22,0.11952626452879112,0.31575810405356763,0
2022-01-23,-1.254880976627216,0.862126968385342,1
2022-01-24,0.6477113550817464,0.8156924713567771,0
2022-01-25,-0.6373545206472384,0.3779684381818782,0
2022-01-26,1.2034811775546643,0.26348268833314403,1
2022-01-27,0.3376104838158597,0.5372730544753421,0
2022-01-28,1.8006293049711992,0.4962467202194817,1
2022-01-29,-1.6909417070082169,0.050984219072376824,1
2022-01-30,-0.4212379970071931,0.3974333352064101,0
2022-01-31,0.8335732522630205,0.4481729572269687,0
2022-02-01,-0.03301980940553427,0.36479225999311027,0
2022-02-02,0.5640597688522376,0.9758171046708898,0
2022-02-03,1.5419671930737813,0.47001634108056467,0
2022-02-04,-1.3615119507585023,0.45325043614209204,0
2022-02-05,-0.21439493520180464,0.5856120251566793,1
2022-02-06,0.764060490691338,0.40991703451624384,1
2022-02-07,-1.6112090463513289,0.8632993601202199,0
2022-02-08,0.015639361373350282,0.5106863225970758,0
2022-02-09,-0.40551534713728765,0.6179946316069059,0
2022-02-10,-0.8993164565648918,0.6977794506615588,0
2022-02-11,-2.497013542802885,0.13135759549218673,0
2022-02-12,-1.3603209110392693,0.31708443494765415,0
2022-02-13,1.0325190233568862,0.15328867692030834,0
2022-02-14,-0.6609417761445511,0.16782488603313184,0
2022-02-15,0.12586532122479674,0.9650088032804081,0
2022-02-16,-0.7594069645000195,0.7588919950251278,1
2022-02-17,0.626395597413889,0.216065806084498,0
2022-02-18,-1.0967445320430682,0.9223337616297703,0
2022-02-19,-1.4563947051946755,0.8382714374694126,0
2022-02-20,1.4936782294755995,0.28551939472042664,1
2022-02-21,0.2957876364852725,0.058249294712506505,0
2022-02-22,1.2189398868376708,0.07996627957410218,0
2022-02-23,0.8815754061589989,0.5281325156215227,0
2022-02-24,-0.6801534683032104,0.9860623193912559,0
2022-02-25,0.10494456860144773,0.11160085627526506,1
2022-02-26,-0.7442344917384169,0.6860842636400087,1
2022-02-27,0.28776389881030373,0.19726721165804295,0
2022-02-28,-1.7819242944089078,0.2582338611615287,0
2022-03-01,-0.6220355900611856,0.36960911128068386,0
2022-03-02,0.14830438440544122,0.7287774001644487,0
2022-03-03,-1.5830079823365122,0.5258141767876197,0
2022-03-04,0.9705013659965802,0.385385549683514,1
2022-03-05,0.20035998173932434,0.7847797782882657,0
2022-03-06,-1.4760444938092276,0.0959946284432629,0
2022-03-07,-0.020646293362151676,0.7934610624978775,0
2022-03-08,1.3766522575234834,0.9179903252872982,0
2022-03-09,0.5069958313818839,0.9072328505476246,0
2022-03-10,0.48500261925750726,0.706997736536841,1
2022-03-11,-1.5884333123745233,0.5287179295859435,1
2022-03-12,2.1082369766730986,0.277102891648509,0
2022-03-13,-1.3796694644944534,0.10919231767380311,1
2022-03-14,-0.6823155932621415,0.6031703942524949,1
2022-03-15,0.9161107394056183,0.04397093234647753,1
2022-03-16,2.2239913576217654,0.8309393512963192,0
2022-03-17,-0.4560157004871212,0.5611968373304949,1
2022-03-18,-0.38272090606080483,0.27205751728910865,0
2022-03-19,-0.24271618446213317,0.08280883314080512,0
2022-03-20,1.2683018221018438,0.935702685922245,0
2022-03-21,0.6172178418478123,0.8782254527897577,0
2022-03-22,-1.0166012280265022,0.6623376176742993,0
2022-03-23,0.5979715845991347,0.10226745806762139,0
2022-03-24,-0.6399336914334636,0.07947242230519791,0
2022-03-25,-1.326638030582828,0.2749426265959536,0
2022-03-26,1.5394147364064386,0.20050650096805633,0
2022-03-27,1.2891755503058153,0.4862816754891358,0
2022-03-28,-1.0367652972887624,0.291898642312182,0
2022-03-29,0.9668301603628452,0.9326498722579686,1
2022-03-30,0.9725074236238987,0.6735248289861369,1
2022-03-31,-1.2556603545497422,0.5219278272350234,0
2022-04-01,-0.12808281800684934,0.9369879695227432,0
2022-04-02,0.4328584566002452,0.46755789972204953,0
2022-04-03,0.4658826158847419,0.3334230976288738,0
2022-04-04,-0.5201346940433612,0.28167187702564345,0
2022-04-05,1.0094057520671806,0.5376744835951361,0
2022-04-06,-0.6945215606478722,0.45172053871323203,0
2022-04-07,0.1580432897762485,0.23128424877920117,1
2022-04-08,-0.3183461336013287,0.028579559084821793,0
2022-04-09,-2.038033256830865,0.39373148745807907,0
2022-04-10,-0.454170500459593,0.4473110001922048,1
2022-04-11,-0.8187665316937766,0.25881995171348693,0
2022-04-12,1.447815531734397,0.496712096116369,0
2022-04-13,-1.2545628858877933,0.19332568450789944,0
2022-04-14,0.7810561172452205,0.6699660114812722,1
2022-04-15,0.7084604648452607,0.43200145282142555,0
2022-04-16,-0.8744567876291434,0.8095866620620771,0
2022-04-17,-0.5043626777780947,0.16256759243196195,0
2022-04-18,-1.4278549133768936,0.7178853801560345,0
2022-04-19,-0.23955903726982733,0.12189038004054575,0
2022-04-20,-1.1356788775207696,0.9883711048209914,0
2022-04-21,-1.4102486298454362,0.2843236050788317,0
2022-04-22,-0.09494803956481798,0.18345810020300557,0
2022-04-23,-0.049587302753342055,0.8169598619376428,0
2022-04-24,-0.20612502224805299,0.9424299388450156,0
2022-04-25,-0.5846519509174939,0.5764055499706339,0
2022-04-26,-0.8419034423208779,0.6294760302856266,0
2022-04-27,-1.3379378153229908,0.05614937728472269,0
2022-04-28,-1.323822256890703,0.5058894760167475,0
2022-04-29,-1.8568734077696705,0.7673343920641509,0
2022-04-30,0.30581712229634067,0.6515119811370705,0
2022-05-01,0.12147571231811184,0.9008871134745546,0
2022-05-02,-1.1479302825271964,0.06691918065369473,0
2022-05-03,-0.6741262038682742,0.0021482823835143883,0
2022-05-04,-2.3829222026291794,0.01777946808030728,0
2022-05-05,-0.03835603790360075,0.6251971518147035,0
2022-05-06,1.6971166494210035,0.7791836673100487,1
2022-05-07,0.8867345807088594,0.9117530219453427,0
2022-05-08,-1.0930649234968999,0.16197949616944307,0
2022-05-09,1.6789298524038863,0.8813549170627123,0
2022-05-10,-1.3204537825522547,0.6074548776540617,0
2022-05-11,-0.5865034771628307,0.5396177399013045,0
2022-05-12,1.2003091533355064,0.33702952551280707,0
2022-05-13,-0.28857289412018855,0.8780398813804682,0
2022-05-14,2.0434746341872767,0.5016372715067736,0
2022-05-15,0.025337185306113154,0.3532672656589865,1
2022-05-16,-0.647335786150176,0.22528964349413116,0
2022-05-17,0.2535338726057651,0.16453497364262792,0
2022-05-18,0.24310684498027438,0.1837140069191937,0
2022-05-19,-0.30846047994832404,0.5801227893934453,0
2022-05-20,-0.9318506476860657,0.3599901232089904,0
2022-05-21,0.49119475514449895,0.1582924265543204,0
2022-05-22,0.07476559579099765,0.0031655972384735387,0
2022-05-23,-1.6402972717085524,0.15920015650724983,0
2022-05-24,-0.5391304893390516,0.45522224580844406,0
2022-05-25,0.06153883981936899,0.2659797024607008,0
2022-05-26,1.4222268823940998,0.9138835036488364,0
2022-05-27,-2.389640378084955,0.7055736940671647,0
2022-05-28,-0.2049936273672081,0.6283188888647824,1
2022-05-29,0.5309143869039972,0.6536542127062915,0
2022-05-30,-0.5408565826554378,0.242845849781946,0
2022-05-31,-1.7959124141481977,0.03840180738231036,0
2022-06-01,0.4046008472380719,0.3962470768131352,0
2022-06-02,1.3058976519208427,0.931232984749518,0
2022-06-03,-1.917665015331871,0.9793194374652352,0
2022-06-04,0.8130823772864562,0.5974167030484575,0
2022-06-05,-0.4160743848682503,0.9833256870804032,0
2022-06-06,0.20537593292795325,0.7072342607279384,0
2022-06-07,-0.5145232383783189,0.4156551870397258,0
2022-06-08,1.4020602773356718,0.6318496478588168,1
2022-06-09,1.8442354413112694,0.8702313034948499,0
2022-06-10,0.24260115254943393,0.8948857000652793,1
2022-06-11,-0.9352629999260774,0.701791672078807,0
2022-06-12,-0.6335682999772014,0.3909958135687085,0
2022-06-13,1.0818142644231359,0.24509482653478099,1
2022-06-14,0.3724109705509478,0.5953743868563808,0
2022-06-15,-0.2725393038779306,0.8035425366260938,0
2022-06-16,0.8946680733995541,0.18993136348255568,0
2022-06-17,-0.4351301768048786,0.04239711804514534,0
2022-06-18,2.0193016791735894,0.23718413063589905,0
2022-06-19,-0.6357350397530939,0.37906667081889567,1
2022-06-20,0.6625116857461123,0.5480107238764563,0
2022-06-21,-1.7396430823622313,0.5679518464876409,0
2022-06-22,-0.8171218720097922,0.37179193948514355,0
2022-06-23,0.6635428690717641,0.9037446629192855,0
2022-06-24,-0.841514064385623,0.3798670740116247,0
2022-06-25,0.15870217884132756,0.21616615131886174,0
2022-06-26,-0.8961178366688021,0.5717343017791111,0
2022-06-27,0.22215517086952064,0.7574053420968239,0
2022-06-28,-1.3299127313732548,0.30544751934100733,1
2022-06-29,0.07186158880598456,0.6586394697216422,1
2022-06-30,0.40191251566306263,0.3425657276028393,0
2022-07-01,-0.679616716872282,0.2140609973427261,0
2022-07-02,0.2722308988821039,0.4306870845501698,1
2022-07-03,0.4544671631718458,0.5387703883935422,0
2022-07-04,-0.4912881716105317,0.1546630698066187,0
2022-07-05,0.8759355763339549,0.410279535798063,0
2022-07-06,0.15991570005862668,0.3280410430657683,0
2022-07-07,-1.0728797254893183,0.06762228887460242,0
2022-07-08,-0.45848896746369866,0.34124800474168604,0
2022-07-09,-0.7851683405491504,0.44839911953945377,0
2022-07-10,-0.0038726168105312764,0.1925810415282615,0
2022-07-11,0.4571007723034419,0.9201657011440832,0
2022-07-12,-0.35080261036223354,0.47946488275162646,0
2022-07-13,-0.014531382962969287,0.2504847817216642,0
2022-07-14,1.138562095614871,0.41585752509399154,0
2022-07-15,1.1536637493627002,0.9109929770185481,0
2022-07-16,-1.8671560039866157,0.772575409308811,0
2022-07-17,-0.07480826889000597,0.8737667583963014,0
2022-07-18,-0.8799239937538303,0.6635305038580168,0
2022-07-19,-0.4218795471989629,0.14159333418037934,0
2022-07-20,0.743746231645655,0.348143016493358,0
2022-07-21,0.356818203744396,0.47288814477577124,0
2022-07-22,-0.19625970802484233,0.6014909691277255,0
2022-07-23,-1.6609751635179872,0.49595978331352064,0
2022-07-24,1.3814103872128942,0.6605112949388783,1
2022-07-25,0.7471801069867988,0.8871724434445435,0
2022-07-26,1.4381343168693197,0.3151763935534895,0
2022-07-27,1.324930876696419,0.01887594417961269,0
2022-07-28,-0.23991798099006556,0.16657591071883293,0
2022-07-29,1.753378646361342,0.2742605194169334,0
2022-07-30,0.66290448722959,0.4870902963478517,0
2022-07-31,1.522855369939822,0.3759208965522972,0
2022-08-01,0.2571921895146697,0.1712273879860593,0
2022-08-02,-1.9915042757518768,0.10935704130615298,0
2022-08-03,1.1831941920376687,0.5297461699846681,0
2022-08-04,-1.15869440441085,0.7845099434677572,0
2022-08-05,0.7781222312921274,0.6443562615196082,0
2022-08-06,0.9289186775686942,0.4969619842183203,0
2022-08-07,-1.1343851331731374,0.07642179072960309,0
2022-08-08,-0.9322095640018555,0.16976273216257698,0
2022-08-09,0.6415191016248424,0.040992483262618284,0
2022-08-10,0.4392657468026828,0.15272491475843464,0
2022-08-11,-0.05793184711436798,0.42076246282086904,0
2022-08-12,1.2900006540031683,0.7493516557933992,0
2022-08-13,-0.37198018726936966,0.11441986379707358,0
2022-08-14,-0.5243324224645942,0.7964966487330086,0
2022-08-15,0.3014770120052933,0.6645819128134736,1
2022-08-16,-2.1772809805559508,0.03245802434532452,0
2022-08-17,0.4185929949800661,0.10189007010312534,0
2022-08-18,-0.8669570113285244,0.9588500067402085,0
2022-08-19,-2.853802764966406,0.1688733031805546,1
2022-08-20,-0.1371922588004743,0.49060312761612235,0
2022-08-21,-0.8702083302854439,0.3680734591044268,0
2022-08-22,1.0436029298958482,0.9415112760417403,0
2022-08-23,-1.032355459391818,0.009718449956029107,0
2022-08-24,0.39837023162264895,0.21212092660039583,0
2022-08-25,-0.9944137760770804,0.17580398826060628,0
2022-08-26,0.7654650048493942,0.7110683983956119,0
2022-08-27,-0.4924471608427347,0.6042551641197852,1
2022-08-28,0.9539663282216911,0.1019720989376195,1
2022-08-29,-1.0927620459745393,0.5848857809458552,0
2022-08-30,1.4715605818755735,0.9249428454544889,0
2022-08-31,0.5282579452943506,0.3194982446284649,0
2022-09-01,0.25384970961178277,0.7321848774861602,0
2022-09-02,0.8935931861861062,0.04796722207922399,0
2022-09-03,0.5946031444713656,0.5201966196496479,0
2022-09-04,0.6006370526726086,0.40574438637606247,0
2022-09-05,-0.2085810948651057,0.1790961370325369,0
2022-09-06,1.5291068035048214,0.0661271971657883,0
2022-09-07,0.6342769047344586,0.5828551451821422,0
2022-09-08,-0.6586392474502332,0.357444534208194,0
2022-09-09,-0.8423261892760768,0.7727245411314085,0
2022-09-10,0.7028119875056625,0.6671004813025658,0
2022-09-11,-0.20952860314746927,0.6427980123719814,0
2022-09-12,0.680790314186897,0.3225433960394434,0
2022-09-13,-1.0347677402156237,0.29193281067440857,0
2022-09-14,-0.4521558589746775,0.3018523889606127,0
2022-09-15,-0.26903675921541337,0.26217703074508913,0
2022-09-16,0.6025477049108043,0.8697446904889957,0
2022-09-17,-0.23348404547515386,0.22393999403162335,0
2022-09-18,-0.6243662581506932,0.3394095025730448,0
2022-09-19,-0.915783543263512,0.5574316473038604,0
2022-09-20,-0.018126337598083762,0.35598421229624666,1
2022-09-21,-1.2761474229972363,0.5129430384364045,0
2022-09-22,-0.6376627501940737,0.7704696051710277,0
2022-09-23,0.7067669671783944,0.8228972239036535,0
2022-09-24,-0.46184162155648695,0.9327693295299525,1
2022-09-25,-0.760677754923726,0.9968490485470437,0
2022-09-26,-0.28221665999381523,0.09461126476980486,0
